,Latitude,Longitude,Rubbish,Plastics,Cans,Glass,Papers
0,37.58,127.01,0,0,1,0,0
12,37.58,127.01,0,1,0,0,0
18,37.59,127.01,1,0,0,0,0
22,37.59,127.01,0,1,0,0,0
27,37.59,127.01,1,1,0,0,0
54,37.59,127.01,0,0,0,0,1
65,37.53,126.88,0,1,0,0,0
74,37.53,126.88,1,0,0,0,0
78,37.53,126.88,1,1,1,0,0
79,37.53,126.88,0,1,1,0,0
90,37.53,126.88,0,1,1,0,1
94,37.53,126.88,0,1,0,0,1
98,37.53,126.88,0,0,0,0,1
103,37.54,126.88,0,1,0,0,1
108,37.54,126.88,0,1,0,0,0
116,37.53,126.88,1,1,0,0,0
128,37.53,126.89,0,1,0,0,0
131,37.53,126.89,1,1,0,0,1
146,37.49,127.06,0,1,0,0,0
147,37.49,127.06,0,0,0,0,1
148,37.49,127.07,0,0,0,0,1
150,37.5,127.06,1,0,0,0,0
151,37.5,127.07,0,0,0,0,1
152,37.48,127.04,1,0,0,0,0
153,37.47,127.04,0,1,0,0,0
159,37.5,127.07,1,0,0,0,0
163,37.52,127.06,1,0,0,0,0
165,37.52,127.06,0,1,0,0,0
170,37.5,127.06,0,1,0,0,0
173,37.51,127.07,1,0,0,0,0
174,37.51,127.07,0,1,0,0,0
177,37.51,127.08,1,0,0,0,0
178,37.51,127.08,0,1,0,0,0
181,37.51,127.08,0,0,1,0,0
182,37.52,127.09,1,0,0,0,0
183,37.51,127.06,1,0,0,0,0
186,37.5,127.07,0,1,0,0,0
187,37.49,127.07,1,0,0,0,0
188,37.48,127.05,0,1,0,0,0
191,37.48,127.05,0,0,0,0,1
192,37.48,127.05,1,0,0,0,0
199,37.53,126.92,0,0,1,0,0
200,37.52,126.93,1,0,0,0,0
201,37.52,126.93,0,1,0,0,0
202,37.52,126.93,0,0,0,0,1
214,37.51,127.06,0,1,0,0,0
215,37.51,127.06,0,0,0,0,1
216,37.51,127.06,0,0,1,0,0
242,37.58,127.04,1,0,0,0,0
246,37.59,127.02,1,0,0,0,0
257,37.59,127.02,0,0,1,0,0
261,37.59,127.02,0,1,0,0,0
263,37.59,127.02,0,0,0,0,1
271,37.0,127.07,1,0,0,0,0
282,37.0,127.07,0,1,0,0,0
293,37.0,127.07,1,1,0,0,0
298,37.0,127.07,0,0,0,0,1
309,37.0,127.08,1,0,0,0,0
313,37.0,127.08,1,0,1,0,0
315,37.0,127.08,0,0,1,0,0
319,37.0,127.08,1,1,0,0,0
320,37.0,127.08,0,1,0,0,0
324,37.0,127.08,0,0,0,1,0
325,37.0,127.08,0,0,0,0,1
326,37.0,127.1,1,0,0,0,0
338,37.0,127.1,0,0,1,0,0
339,37.0,127.1,0,1,0,0,0
351,37.0,127.1,0,0,0,1,0
369,37.58,127.01,1,0,0,0,0
370,37.58,127.01,0,0,0,0,1
380,37.54,127.03,0,1,0,0,0
404,37.59,127.01,0,0,1,0,0
454,37.37,127.11,1,0,0,0,0
455,37.82,127.02,1,0,0,0,0
458,37.59,127.02,0,1,1,0,1
470,37.59,127.02,1,1,0,0,0
471,37.59,127.02,1,0,0,0,1
475,37.37,127.11,1,0,0,0,1
479,37.37,127.11,0,1,0,0,0
483,37.37,127.11,0,0,0,0,1
486,37.37,127.11,1,1,0,0,0
489,37.37,127.11,0,0,1,0,0
493,37.36,127.11,1,1,0,0,0
494,37.36,127.11,1,0,0,0,0
508,37.49,127.06,0,0,1,0,0
509,37.49,127.06,1,0,0,0,0
512,37.49,127.06,1,0,1,0,0
517,37.49,127.05,1,0,0,0,0
519,37.49,127.05,0,0,0,0,1
522,37.48,127.05,0,0,0,1,0
542,37.36,127.11,0,0,0,0,1
545,37.36,127.11,0,0,1,0,0
550,37.36,127.11,1,0,1,0,0
552,37.51,127.07,1,1,0,0,0
554,37.59,127.0,1,0,0,0,0
556,37.59,127.0,0,0,0,0,1
558,37.59,127.0,1,0,1,0,0
561,37.59,127.1,1,0,0,0,0
563,37.59,127.1,0,0,0,0,1
570,37.59,127.1,0,1,0,0,0
571,37.59,127.1,0,1,0,0,1
590,37.58,127.02,0,0,0,0,1
591,37.58,127.02,1,0,0,0,0
593,37.58,127.02,0,1,0,0,0
598,37.58,127.02,0,0,0,1,0
623,37.59,127.0,0,1,0,0,0
638,37.58,127.02,0,0,1,0,0
642,37.58,127.02,1,1,0,0,0
656,37.58,127.02,1,0,0,1,0
657,37.43,126.99,1,0,0,0,0
658,37.44,126.99,0,0,0,0,1
659,37.44,126.99,1,0,0,0,0
660,37.44,127.0,1,0,0,0,0
661,37.44,127.0,0,1,0,0,0
666,37.44,126.99,0,1,0,0,0
668,37.44,127.0,1,1,0,0,0
677,37.44,127.02,1,0,0,0,0
678,37.44,127.02,0,0,0,0,1
679,37.44,127.02,0,1,0,0,0
685,37.41,127.0,1,0,0,0,0
686,37.41,127.0,1,1,0,0,0
687,37.41,127.0,0,1,0,0,0
691,37.41,126.99,1,0,0,0,0
692,37.41,126.99,0,1,0,0,0
695,37.41,126.99,1,0,0,0,1
698,37.41,126.99,1,1,0,0,0
704,37.41,126.99,0,1,0,0,1
705,37.41,126.99,0,0,0,0,1
714,37.46,127.02,1,0,0,0,0
717,37.46,127.02,1,1,0,0,0
718,37.46,127.02,0,1,0,0,0
719,37.46,127.02,0,0,1,0,0
727,37.34,126.73,1,0,0,0,0
738,37.34,126.73,1,0,0,0,1
741,37.34,126.73,0,0,0,0,1
753,37.43,126.99,0,1,0,0,0
754,37.43,126.99,0,0,0,0,1
778,37.44,127.0,0,0,0,0,1
780,37.48092985,126.874906,1,1,0,0,0
784,37.4820115,126.8751388,1,1,0,0,0
788,37.48271481,126.8738117,1,1,0,0,1
791,37.475109,126.8768657,0,1,0,0,0
794,37.47560388,126.876333,0,0,0,0,1
796,37.47560388,126.876333,0,1,0,0,0
797,37.47558694,126.8767328,1,0,0,0,0
798,37.47558694,126.8767328,1,0,0,0,1
803,37.53272525,126.9310058,0,0,0,0,1
804,37.53272525,126.9310058,1,0,0,0,1
805,37.52663003,126.9328152,0,1,0,0,0
809,37.52663003,126.9328152,0,0,0,0,1
811,37.52663003,126.9328152,1,1,0,0,0
812,37.4807051,126.8458342,1,1,0,0,0
813,37.4807051,126.8458342,1,0,0,0,0
814,37.48093294,126.8452677,0,0,1,0,0
816,37.48058244,126.8337782,1,1,0,0,0
817,37.48058244,126.8337782,1,0,0,0,0
819,37.48125167,126.8322539,0,1,0,0,0
820,37.48125167,126.8322539,1,0,0,0,0
822,37.48175292,126.836508,1,0,0,0,0
823,37.48175292,126.836508,1,1,0,0,0
824,37.48175292,126.836508,0,1,0,0,0
827,37.47949009,126.8231936,1,1,0,0,0
828,37.44049833,126.8517245,1,0,0,0,0
830,37.44049833,126.8517245,0,1,0,0,0
831,37.44049833,126.8517245,1,1,0,0,1
834,37.44049833,126.8517245,1,1,0,0,0
835,37.48158901,126.8482439,0,1,0,0,0
836,37.48158901,126.8482439,1,0,0,0,0
840,37.48158901,126.8482439,1,1,0,0,0
852,37.4807051,126.8458342,0,1,0,0,0
863,37.48158901,126.8482439,0,0,1,0,0
866,37.42765082,126.8100992,1,1,0,0,0
869,37.42765082,126.8100992,0,1,0,0,0
870,37.42765082,126.8100992,1,1,1,0,1
872,37.42765082,126.8100992,0,1,1,0,0
875,37.42765082,126.8100992,0,0,0,0,1
910,37.59,127.02,1,0,1,0,0
980,37.57,127.08,1,0,0,0,0
981,37.57,127.08,0,0,1,0,0
983,37.57,127.08,0,1,0,0,0
984,37.65,127.01,0,0,1,0,0
987,37.65,127.01,0,0,0,0,1
990,37.65,127.01,1,0,0,0,0
1035,37.65,127.01,0,1,0,0,0
1084,37.5897,127.0174,1,1,0,0,0
1085,37.5897,127.0174,1,0,0,0,0
1086,37.5897,127.0174,0,0,1,0,0
1090,37.5897,127.0174,2,0,0,0,0
1095,37.5897,127.0174,0,0,0,1,0
1098,37.5897,127.0174,0,1,0,0,0
1106,37.5897,127.0174,1,0,0,0,1
1107,37.5897,127.0174,2,0,0,0,1
1109,37.5897,127.0174,0,0,0,0,1
1140,37.5283,126.9322,1,0,0,0,0
1142,37.5283,126.9322,1,1,0,0,0
1150,37.5283,126.9322,0,1,0,0,0
1156,37.5283,126.9322,0,0,1,0,0
1159,37.5283,126.9322,0,0,0,0,1
1196,37.27583,127.4672,1,0,0,0,0
1211,37.27583,127.4672,0,0,0,0,1
1224,37.5960825,126.9467382,1,0,1,1,0
1225,37.5960825,126.9467382,0,0,1,0,0
1276,37.5960825,126.9467382,0,0,0,1,0
1302,37.5960825,126.9467382,1,0,0,0,0
1349,37.5960825,126.9467382,2,0,1,1,0
1369,37.5960825,126.9467382,2,0,0,0,0
1399,37.5960825,126.9467382,1,0,1,0,0
1412,37.5960825,126.9467382,1,0,0,1,0
1464,37.63164,126.92836,1,0,0,0,0
1465,37.63155,126.92843,1,0,0,0,0
1466,37.63156,126.92845,1,0,0,0,0
1467,37.63149,126.92864,1,0,0,0,0
1469,37.63154,126.92882,1,0,0,0,0
1471,37.63157,126.92881,1,0,0,0,0
1472,37.63145,126.9288,1,0,0,0,0
1473,37.63248,126.92686,1,0,0,0,0
1474,37.63246,126.92691,1,0,0,0,0
1475,37.63245,126.92703,1,0,0,0,0
1476,37.6326,126.92693,1,0,0,0,0
1477,37.63255,126.92706,1,0,0,0,0
1478,37.63292,126.92493,1,0,0,0,0
1479,37.63292,126.92492,1,0,0,0,0
1480,37.63217,126.92422,1,0,0,0,0
1481,37.63226,126.92431,1,0,0,0,0
1482,37.63249,126.92429,1,0,0,0,0
1483,37.63272,126.92431,1,0,0,0,0
1484,37.63268,126.92435,1,0,0,0,0
1485,37.63265,126.92443,0,0,1,0,0
1486,37.63264,126.9244,0,0,1,0,0
1487,37.63266,126.92437,0,0,1,0,0
1488,37.63263,126.92426,0,0,1,0,0
1489,37.63261,126.92422,0,0,1,0,0
1490,37.63262,126.92421,0,0,1,0,0
1491,37.63341,126.92277,1,0,0,0,0
1492,37.63334,126.92268,1,0,0,0,0
1493,37.63335,126.92269,1,0,0,0,0
1494,37.63347,126.92278,0,0,0,0,1
1495,37.63344,126.9228,0,0,0,0,1
1496,37.63341,126.9228,0,0,0,0,1
1498,37.63343,126.92278,1,0,0,0,0
1499,37.63341,126.92278,1,0,0,0,0
1500,37.63349,126.92277,1,0,0,0,0
1501,37.63353,126.92273,1,0,0,0,0
1502,37.6335,126.92271,1,0,0,0,0
1503,37.6336,126.92278,0,0,0,0,1
1504,37.63354,126.9227,0,0,0,0,1
1505,37.63352,126.92268,0,0,0,0,1
1506,37.63504,126.91989,1,0,0,0,0
1507,37.63479,126.92032,1,0,0,0,0
1508,37.63342,126.92261,0,1,0,0,0
1509,37.63336,126.92289,0,1,0,0,0
1510,37.63343,126.9229,0,0,0,0,1
1511,37.6334,126.92287,0,0,0,0,1
1512,37.63354,126.9229,0,1,0,0,0
1513,37.63354,126.92288,0,1,0,0,0
1514,37.6323,126.92436,1,0,0,0,0
1516,37.63233,126.92463,1,0,0,0,0
1517,37.63232,126.92412,0,1,0,0,0
1519,37.63241,126.92426,0,1,0,0,0
1520,37.63136,126.92863,1,0,0,0,0
1521,37.63136,126.92871,1,0,0,0,0
1522,37.6314,126.92883,0,0,0,0,1
1524,37.63139,126.92883,0,0,0,0,1
1525,37.63138,126.92886,0,1,0,0,0
1526,37.63138,126.92883,0,1,0,0,0
1527,37.63137,126.92882,0,1,0,0,0
1528,37.63137,126.92885,1,0,0,0,0
1529,37.63137,126.92882,1,0,0,0,0
1530,37.63139,126.92883,1,0,0,0,0
1531,37.63141,126.92882,0,0,0,0,1
1532,37.63141,126.92883,0,0,0,0,1
1534,37.6314,126.92879,0,0,1,0,0
1535,37.6314,126.9288,0,0,1,0,0
1536,37.6314,126.92881,0,0,1,0,0
1537,37.63161,126.92835,1,0,0,0,0
1538,37.63144,126.92865,1,0,0,0,0
1539,37.63153,126.92849,1,0,0,0,1
1540,37.63152,126.92855,1,0,0,0,1
1541,37.63155,126.92872,1,0,0,0,1
1542,37.63153,126.92866,0,0,0,0,1
1545,37.63118,126.92875,0,0,0,1,0
1546,37.6313,126.92871,0,0,0,1,0
1547,37.63145,126.92864,0,0,0,1,0
1548,37.63149,126.92862,0,0,0,1,0
1549,37.63151,126.92863,0,0,0,1,0
1550,37.63151,126.9286,0,0,0,1,0
1551,37.63147,126.92863,0,0,0,1,0
1552,37.63148,126.92863,0,0,0,1,0
1553,37.6315,126.92863,0,0,0,1,0
1554,37.63148,126.92861,0,0,0,1,0
1555,37.63154,126.92865,1,0,0,0,0
1556,37.63153,126.92866,1,0,0,0,0
1557,37.63154,126.92866,1,0,0,0,0
1558,37.63154,126.92872,1,0,0,0,0
1559,37.63154,126.9287,1,0,0,0,0
1561,37.63141,126.92863,1,0,0,0,0
1562,37.63142,126.92861,1,0,0,0,0
1563,37.63142,126.92862,1,0,0,0,0
1564,37.63124,126.92884,1,0,0,0,0
1565,37.6315,126.92858,1,0,0,0,0
1566,37.63151,126.92859,1,0,0,0,0
1567,37.63149,126.9286,1,0,0,0,0
1568,37.63148,126.9286,1,0,0,0,0
1570,37.63132,126.92871,0,1,0,0,0
1571,37.63136,126.92875,0,1,0,0,0
1572,37.63144,126.92869,0,1,0,0,0
1573,37.56,126.97,1,0,0,0,0
1622,37.56,126.97,0,1,0,0,0
1644,37.56,126.97,0,0,0,0,1
1691,37.56,126.97,1,1,0,0,0
1716,37.56,126.97,1,0,0,0,1
1733,37.52262,126.94153,0,0,0,0,1
1734,37.52264,126.9415,0,1,0,0,0
1735,37.52262,126.94148,1,0,0,0,1
1736,37.52263,126.94154,0,0,0,0,1
1737,37.52265,126.94155,0,0,0,0,1
1738,37.52264,126.94155,0,1,0,0,0
1739,37.52276,126.94131,0,1,0,0,0
1740,37.52277,126.94133,2,1,0,0,0
1741,37.52279,126.94128,1,0,0,0,0
1742,37.5228,126.94128,1,0,0,0,0
1743,37.52278,126.94128,1,1,0,0,0
1744,37.5228,126.94129,1,1,0,0,0
1745,37.52278,126.94128,0,0,1,0,0
1746,37.52281,126.94128,0,1,0,0,0
1747,37.52282,126.94122,1,0,0,0,0
1748,37.52282,126.94124,0,1,0,0,0
1749,37.52293,126.94122,1,0,0,0,0
1750,37.52288,126.94125,1,0,0,0,0
1752,37.52286,126.94122,1,0,0,0,0
1753,37.5229,126.94124,0,1,0,0,0
1754,37.52288,126.94126,0,0,1,0,0
1755,37.52288,126.94124,1,0,0,0,0
1756,37.52288,126.94123,1,0,0,0,0
1757,37.52288,126.94124,0,0,0,0,2
1758,37.52291,126.9413,0,0,0,0,2
1759,37.52289,126.94125,1,0,0,0,0
1761,37.52288,126.94122,0,1,0,0,1
1762,37.52288,126.94122,1,0,0,0,0
1763,37.52287,126.94121,1,0,0,0,0
1765,37.52285,126.94118,1,0,0,0,0
1767,37.52287,126.94115,0,0,1,0,0
1768,37.52287,126.94116,1,0,0,0,0
1769,37.52287,126.94117,1,0,0,0,0
1770,37.52293,126.94116,0,0,1,0,0
1771,37.5229,126.94117,0,1,0,0,0
1772,37.52298,126.94116,0,1,0,0,0
1773,37.52296,126.94113,0,1,0,0,0
1774,37.52297,126.94112,0,1,0,0,0
1775,37.52296,126.94107,0,0,1,0,0
1776,37.52297,126.94107,0,0,1,0,0
1777,37.52296,126.94107,1,0,0,0,0
1778,37.52299,126.94106,1,0,0,0,0
1779,37.52299,126.94106,1,0,0,0,1
1780,37.52298,126.94106,1,0,0,0,1
1781,37.52316,126.94092,1,0,0,0,0
1782,37.5231,126.94087,1,1,0,0,0
1783,37.5231,126.94086,1,1,0,0,1
1784,37.523131,126.94086,0,0,0,0,1
1785,37.52315,126.94083,1,0,0,0,0
1786,37.58936,127.01781,0,0,0,1,0
1787,37.58952,127.01792,0,0,1,0,0
1788,37.58943,127.01791,0,0,0,0,1
1789,37.58941,127.0179,0,0,0,0,1
1790,37.58942,127.0179,0,0,0,0,1
1791,37.58936,127.0178,1,0,0,0,0
1792,37.5894,127.0179,0,0,0,0,1
1793,37.5894,127.01788,1,0,0,0,0
1794,37.58961,127.01779,0,0,0,0,1
1795,37.58943,127.01784,0,0,0,0,1
1796,37.58946,127.01785,1,0,0,0,0
1797,37.58947,127.01788,0,0,0,0,1
1798,37.58946,127.01791,0,0,0,0,1
1799,37.58942,127.01788,1,0,0,0,0
1800,37.58945,127.01784,0,1,0,0,0
1802,37.58947,127.01783,0,1,0,0,0
1803,37.5894,127.01786,1,0,0,0,0
1804,37.58957,127.01775,0,0,0,0,1
1805,37.58943,127.01782,1,1,0,0,0
1806,37.58952,127.01788,2,0,0,0,0
1807,37.5894,127.01785,1,0,0,0,0
1809,37.58943,127.01791,1,0,0,0,0
1810,37.5897,127.01778,0,0,0,1,0
1811,37.58955,127.01794,1,0,0,0,0
1812,37.58948,127.01805,1,0,0,0,0
1813,37.5901,127.01708,0,0,0,0,1
1814,37.589992,127.01717,0,1,0,0,0
1815,37.58991,127.01718,0,1,0,0,0
1816,37.58991,127.01725,0,1,0,0,1
1817,37.58986,127.01723,0,0,0,0,1
1818,37.58988,127.01723,1,0,0,0,0
1819,37.58988,127.01718,0,0,0,0,1
1820,37.58984,127.01723,0,0,0,0,1
1821,37.58984,127.01721,0,0,0,0,1
1822,37.58991,127.01718,1,0,0,0,0
1823,37.58995,127.0172,1,0,0,0,0
1824,37.58996,127.01719,1,0,0,0,0
1825,37.59,127.01722,0,0,0,0,1
1826,37.58995,127.01714,1,0,0,0,0
1827,37.59038,127.01699,1,0,0,0,0
1828,37.58981,127.01708,1,0,0,0,0
1829,37.5901,127.01698,1,0,0,0,0
1830,37.5901,127.01699,1,0,0,0,0
1831,37.58996,127.01717,0,1,0,0,0
1832,37.59003,127.01725,0,0,0,0,1
1833,37.58995,127.01723,0,0,0,0,1
1834,37.58988,127.01732,1,0,0,0,0
1835,37.59028,127.01705,0,1,0,0,0
1836,37.58998,127.01718,0,2,0,0,0
1837,37.58991,127.01725,1,0,0,0,0
1838,37.323631,127.105802,0,1,0,0,0
1839,37.323629,127.105773,1,0,0,0,0
1840,37.323634,127.105774,0,0,0,0,1
1841,37.323651,127.10545,1,0,0,0,0
1842,37.323648,127.10545,0,1,0,0,0
1843,37.32365,127.105421,1,0,0,0,0
1844,37.32365,127.105417,1,0,0,0,0
1845,37.32365,127.10541,0,0,0,1,0
1846,37.323651,127.105403,1,0,0,0,0
1847,37.323655,127.105387,0,0,0,1,0
1848,37.323658,127.10537,0,1,0,0,0
1849,37.323659,127.105368,1,0,0,0,0
1850,37.323655,127.105362,1,0,0,0,0
1851,37.323663,127.105356,0,0,0,1,0
1852,37.323657,127.10535,1,0,0,0,0
1853,37.323668,127.105343,1,0,0,0,0
1854,37.323681,127.105299,1,0,0,0,0
1855,37.323689,127.105279,1,0,0,0,0
1856,37.323703,127.105248,0,0,0,0,1
1857,37.323719,127.10521,1,0,0,0,0
1858,37.323726,127.105194,1,0,0,0,0
1859,37.323735,127.105171,1,0,0,0,0
1860,37.323727,127.105177,0,1,0,0,0
1861,37.323763,127.105101,1,0,0,0,0
1862,37.323774,127.105077,1,0,0,0,0
1863,37.323382,127.104184,1,0,0,0,0
1864,37.323367,127.104147,1,0,0,0,0
1865,37.323388,127.104214,1,0,0,0,0
1866,37.323377,127.104179,1,0,0,0,0
1867,37.32335,127.104145,1,0,0,0,0
1868,37.323245,127.103938,1,0,0,0,0
1869,37.32295,127.103481,1,0,0,0,0
1870,37.322765,127.103019,0,0,0,1,0
1871,37.322364,127.102029,0,1,0,0,0
1872,37.322336,127.101893,1,0,0,0,0
1873,37.322307,127.1018,1,0,0,0,0
1874,37.322115,127.101336,1,0,0,0,0
1875,37.322082,127.101131,0,0,0,1,0
1876,37.322055,127.100987,0,1,0,0,0
1877,37.322008,127.100867,1,0,0,0,0
1879,37.321969,127.10071,0,1,0,0,0
1880,37.320991,127.097085,0,1,0,0,0
1881,37.320716,127.097554,0,0,0,0,1
1882,37.320208,127.097227,1,0,0,0,0
1883,37.32002,127.079104,1,0,0,0,0
1884,37.319769,127.096944,0,1,0,0,0
1885,37.319445,127.096729,0,0,0,0,1
1886,37.319133,127.096538,0,0,1,0,0
1887,37.318968,127.096361,1,0,0,0,0
1888,37.318815,127.096146,1,0,0,0,0
1889,37.319109,127.095037,1,0,0,0,0
1890,37.319145,127.09403,0,0,0,1,0
1891,37.319145,127.094029,0,1,0,0,0
1892,37.318717,127.093198,1,0,0,0,0
1893,37.31437,127.090101,1,0,0,0,0
1894,37.31437,127.090066,1,0,0,0,0
1895,37.314376,127.090023,1,0,0,0,0
1896,37.31437,127.089971,1,0,0,0,0
1897,37.314366,127.089913,0,1,0,0,0
1898,37.314364,127.089841,1,0,0,0,0
1899,37.314362,127.089744,1,0,0,0,0
1900,37.314364,127.089736,1,0,0,0,0
1901,37.314368,127.089701,1,0,0,0,0
1902,37.313822,127.083064,0,1,0,0,0
1903,37.314362,127.089636,0,0,0,0,1
1904,37.314364,127.089611,0,1,0,0,0
1905,37.314354,127.089567,1,0,0,0,0
1906,37.314358,127.089054,0,1,0,0,0
1907,37.314352,127.089454,0,0,1,0,0
1908,37.31435,127.089427,0,1,0,0,0
1909,37.314352,127.089387,1,0,0,0,0
1910,37.31434,127.089322,1,0,0,0,0
1911,37.314338,127.089237,1,0,0,0,0
1912,37.314336,127.089192,0,0,0,0,1
1913,37.314319,127.089152,1,0,0,0,0
1914,37.314311,127.089077,1,0,0,0,0
1915,37.314309,127.088985,1,0,0,0,0
1916,37.314293,127.088893,0,0,0,0,1
1917,37.314319,127.088803,0,0,0,0,1
1918,37.31433,127.088773,0,1,0,0,0
1919,37.314326,127.088731,0,0,0,0,1
1920,37.31434,127.088698,0,1,0,0,0
1921,37.314366,127.088308,1,0,0,0,0
1922,37.314378,127.088191,1,0,0,0,0
1923,37.314393,127.088024,1,0,0,0,0
1924,37.314413,127.08752,0,0,0,0,1
1925,37.314407,127.087465,0,0,0,0,1
1926,37.314413,127.087425,1,0,0,0,0
1927,37.314413,127.087375,0,1,0,0,0
1928,37.314413,127.08734,1,0,0,0,0
1929,37.314399,127.08721,0,0,1,0,0
1930,37.31437,127.086649,1,0,0,0,0
1931,37.314366,127.086487,1,0,0,0,0
1932,37.314304,127.086095,0,1,0,0,0
1933,37.314266,127.085804,0,0,0,0,1
1934,37.314226,127.085651,0,0,0,1,0
1935,37.314228,127.085586,0,0,1,0,0
1936,37.314246,127.085382,1,0,0,0,0
1937,37.314208,127.085175,0,0,0,0,1
1938,37.314332,127.086223,0,0,0,0,1
1939,37.314369,127.08652,1,0,0,0,0
1940,37.59,126.75,1,0,0,0,0
1970,37.59,126.75,0,0,1,0,0
1973,37.59,126.75,0,1,0,0,0
1986,37.59,126.75,0,0,0,0,1
2014,37.59,126.75,0,0,0,1,0
2039,37.58,127.01,1,0,0,0,1
2050,37.31,126.55,0,0,0,0,1
2051,37.31,126.55,0,1,0,0,0
2052,37.31,126.55,1,0,0,0,0
2053,37.31,126.55,1,0,0,0,1
2055,37.32,126.55,0,1,0,0,0
2058,37.32,126.55,1,0,0,0,0
2059,37.32,126.55,0,0,0,0,1
2062,37.32,126.54,1,0,0,0,0
2064,37.32,126.54,0,1,0,0,0
2068,37.31,126.54,0,1,0,0,0
2073,37.31,126.54,1,0,0,0,0
2076,37.35,127.1,1,0,0,0,0
2078,37.28,126.55,0,0,0,0,1
2079,37.28,126.55,0,1,0,0,0
2080,37.28,126.55,1,0,0,0,0
2113,37.29,126.55,0,0,0,0,1
2115,37.29,126.55,1,0,0,0,0
2118,37.29,126.55,0,1,0,0,0
2126,37.31,126.56,1,0,0,0,0
2149,37.46,126.83,0,1,0,0,0
2151,37.46,126.83,0,0,0,0,1
2152,37.4654,126.8388,1,1,0,1,0
2153,37.4632,126.844,1,1,0,0,0
2154,37.4825,126.8536,0,1,0,0,0
2155,37.4893,126.8965,1,0,0,0,0
2156,37.4882,126.8973,0,1,0,0,0
2157,37.4884,126.8972,0,1,0,0,0
2159,37.4864,126.8989,1,0,0,0,0
2160,37.4859,126.9003,0,0,0,0,1
2161,37.4848,126.9041,0,1,0,0,0
2162,37.4853,126.9044,0,1,0,0,0
2163,37.4878,126.9041,0,1,0,0,0
2164,37.4849,126.9044,0,1,0,0,0
2165,37.4849,126.9045,0,0,0,0,1
2166,37.4849,126.9045,1,1,0,0,1
2167,37.4859,126.9,0,1,0,0,0
2168,37.4873,126.898,0,0,0,0,1
2169,37.4884,126.897,0,1,0,0,0
2170,37.4884,126.897,1,0,0,0,0
2171,37.4896,126.8964,1,0,0,0,0
2172,37.49,126.896,1,1,0,0,0
2173,37.4903,126.8962,0,1,0,0,0
2174,37.496,126.8941,1,0,1,0,0
2175,37.4679,126.8426,1,0,0,0,0
2176,37.4655,126.8389,0,1,0,0,0
2177,37.4655,126.8385,1,0,0,0,0
2178,37.4655,126.8335,0,1,0,0,0
2179,37.4661,126.831,1,0,0,0,0
2180,37.4662,126.8308,1,0,0,0,0
2181,37.4677,126.8267,1,0,0,0,0
2182,37.4678,126.8267,0,1,0,0,0
2183,37.4688,126.8257,1,0,0,0,0
2185,37.31,126.55,1,1,0,0,0
2198,37.32,126.55,1,1,0,0,0
2201,37.5357,126.9131,0,1,0,0,0
2202,37.5295,126.9097,0,1,0,0,0
2203,37.5297,126.9115,0,1,0,0,0
2204,37.4831,126.8194,1,0,0,0,0
2205,37.4828,126.8195,1,0,0,0,0
2207,37.4824,126.8197,0,0,0,1,0
2208,37.4825,126.8197,0,1,0,0,0
2209,37.4825,126.8196,0,1,0,0,0
2210,37.4824,126.8195,0,1,0,0,0
2211,37.4812,126.8203,0,1,0,0,0
2212,37.4815,126.8202,0,1,0,0,0
2213,37.4813,126.8202,0,1,0,0,0
2214,37.4814,126.82,0,1,0,0,0
2215,37.4812,126.8201,0,1,0,0,0
2216,37.4813,126.8201,0,0,1,0,0
2217,37.481,126.8201,0,0,0,0,1
2218,37.481,126.8202,0,1,0,0,0
2219,37.481,126.82,0,1,0,0,0
2220,37.4808,126.8203,0,0,1,0,0
2221,37.4811,126.8199,0,0,0,0,1
2223,37.481,126.8199,0,1,0,0,0
2224,37.4797,126.8207,1,0,0,0,0
2225,37.4782,126.8215,1,0,0,0,0
2226,37.4759,126.8216,0,1,0,0,0
2227,37.4759,126.8216,1,0,0,0,0
2228,37.4727,126.823,0,1,0,0,0
2229,37.4713,126.8241,0,1,0,0,0
2230,37.4676,126.8268,1,0,0,0,0
2231,37.4669,126.8296,0,1,0,0,0
2232,37.4656,126.8332,0,1,0,0,0
2233,37.4687,126.8435,0,0,1,0,0
2234,37.4687,126.8435,0,1,0,0,0
2235,37.5901,127.017,0,1,0,0,0
2236,37.5903,127.0168,0,1,0,0,0
2237,37.5904,127.0168,1,0,0,0,0
2238,37.5907,127.0165,0,1,0,0,0
2239,37.5905,127.0167,0,1,0,0,0
2240,37.5904,127.0167,0,1,0,0,0
2241,37.5905,127.0163,0,1,0,0,0
2242,37.5905,127.0166,0,1,0,0,0
2244,37.5902,127.017,0,1,0,0,0
2246,37.5285,127.91,1,0,0,0,0
2247,37.5212,127.9158,1,0,0,0,0
2248,37.47,126.79,1,1,0,0,0
2251,37.47,126.79,0,1,0,0,0
2260,37.47,126.79,1,0,0,0,0
2266,37.47,126.8,0,1,0,0,0
2276,37.47,126.8,1,0,0,0,0
2369,37.559798,126.889463,1,0,0,0,0
2370,37.559798,126.889463,0,1,0,0,0
2371,37.572374,126.868147,1,0,0,0,0
2372,37.562706,126.899513,0,1,0,0,0
2374,37.569096,126.981197,0,1,0,0,0
2375,37.562706,126.899513,1,0,0,0,0
2376,37.572374,126.868147,0,1,0,0,0
2377,37.561301,126.886215,1,0,1,0,0
2378,37.561301,126.886215,1,1,0,0,0
2382,37.572374,126.868147,0,1,0,1,0
2383,37.563056,126.894651,0,1,0,0,0
2384,37.579064,126.890081,0,1,0,0,0
2385,37.579064,126.890081,0,0,0,0,1
2386,37.579064,126.890081,1,0,0,0,0
2388,37.573166,126.886968,0,1,0,0,0
2390,37.573064,126.900271,0,1,0,0,0
2391,37.551871,126.899417,1,1,0,0,0
2392,37.551871,126.899417,1,0,0,0,0
2395,37.573064,126.900271,0,0,0,0,1
2396,37.578244,126.888988,0,1,0,0,0
2398,37.578244,126.888988,1,0,0,0,0
2401,37.578244,126.888988,0,0,1,0,0
2408,37.573064,126.900271,0,0,1,0,0
2418,37.572374,126.868147,0,0,0,1,0
2419,37.572374,126.868147,0,0,0,0,1
2420,37.572374,126.868147,0,1,0,0,1
2433,37.572374,126.868147,0,0,1,0,0
2448,37.551871,126.899417,0,1,0,0,0
2450,37.569096,126.981197,0,0,0,0,1
2452,37.573166,126.886968,0,0,1,0,0
2463,37.578244,126.888988,0,0,0,1,0
2464,37.578244,126.888988,0,0,0,0,1
2472,37.6638,126.623,1,1,0,0,0
2473,37.6638,126.623,0,1,1,0,1
2475,37.6638,126.623,1,1,1,0,1
2477,37.6638,126.623,0,1,1,0,0
2478,37.6638,126.623,0,1,0,0,0
2479,37.6638,126.623,1,0,0,0,0
2483,37.6638,126.623,1,0,0,0,1
2486,37.6385,126.5423,0,1,0,0,0
2487,37.6385,126.5423,1,0,1,0,0
2489,37.6385,126.5423,1,0,0,0,0
2491,37.6385,126.5423,0,1,0,0,1
2496,37.6385,126.5423,0,0,1,0,1
2499,37.6385,126.5423,0,0,1,0,0
2503,37.635739,126.531532,1,1,0,0,1
2504,37.635739,126.531532,1,1,1,1,1
2508,37.635739,126.531532,1,0,0,0,1
2509,37.635739,126.531532,1,1,1,0,1
2513,37.635739,126.531532,1,1,0,0,0
2515,37.590412,127.016685,1,0,0,0,0
2519,37.590412,127.016685,0,1,0,0,0
2528,37.590412,127.016685,0,0,0,0,1
2554,37.708921,126.607534,0,1,0,0,0
2556,37.708921,126.607534,1,0,0,0,0
2565,37.708921,126.607534,0,0,1,0,0
2569,37.708921,126.607534,1,1,0,0,1
2571,37.630744,126.71113,1,1,0,0,0
2572,37.3144112,127.0886278,1,0,0,0,0
2573,37.3143748,127.0884862,1,0,0,0,0
2574,37.3144497,127.0889429,1,0,0,0,0
2575,37.3145332,127.0875417,0,0,1,0,0
2577,37.3144268,127.0873768,0,0,1,0,0
2579,37.3144369,127.0873275,0,0,1,0,0
2581,37.3144444,127.0872222,0,1,0,0,0
2585,37.3144118,127.0870732,1,0,0,0,0
2589,37.3144038,127.0868263,1,0,0,0,0
2595,37.3143886,127.0866647,0,1,0,0,0
2602,37.3143844,127.0864608,1,0,0,0,0
2609,37.3144118,127.063726,1,0,0,0,0
2616,37.3143441,127.0862335,0,0,0,0,1
2621,37.3143477,127.0861218,1,0,0,0,0
2627,37.3143363,127.0859301,0,0,0,0,1
2634,37.3142819,127.0857661,0,1,0,0,0
2641,37.3142264,127.0855885,1,0,0,0,0
2646,37.3141948,127.0853508,0,0,0,0,1
2654,37.3142952,127.0853936,0,1,0,0,0
2664,37.3141948,127.0853508,1,0,0,0,0
2669,37.3142462,127.0852934,1,0,0,0,0
2674,37.3217143,127.0801821,1,0,0,0,0
2676,37.3218255,127.0800373,1,0,0,0,0
2680,37.3217295,127.0801647,1,0,0,0,0
2685,37.3213919,127.0809261,1,0,0,0,0
2689,37.3213578,127.081032,1,0,0,0,0
2692,37.3210933,127.0823879,1,0,0,0,0
2695,37.3210197,127.0829696,1,0,0,0,0
2698,37.3211018,127.0830853,1,0,0,0,0
2700,37.3209757,127.0832167,0,0,0,0,1
2702,37.3210245,127.0831956,0,1,0,0,0
2705,37.3209048,127.0843989,0,0,1,0,0
2706,37.3209195,127.0845377,1,0,0,0,0
2708,37.3208989,127.0847301,0,0,1,0,0
2712,37.3151678,127.0766419,1,0,0,0,0
2715,37.3151337,127.0768049,0,1,0,0,0
2717,37.315295,127.077688,1,0,0,0,0
2718,37.3152931,127.0777068,1,0,0,0,0
2719,37.3152868,127.0777614,1,0,0,0,0
2721,37.3152867,127.0777615,1,0,0,0,0
2722,37.55,126.9,1,0,0,0,0
2726,37.55,126.9,0,0,1,0,0
2792,37.55,126.9,0,1,0,0,0
2832,37.55,126.9,1,1,0,0,0
2842,37.49300001,126.87,0,1,0,0,0
2845,37.494,126.87001,1,0,0,0,0
2848,37.4943,126.87001,0,1,0,0,0
2851,37.4951,126.87,0,0,0,0,1
2855,37.496,126.87,0,0,0,0,1
2859,37.501,126.87111,0,0,1,0,0
2862,37.5031,126.87113,1,0,0,0,0
2864,37.5031,126.87113,0,1,0,0,0
2867,37.5042,126.87213,0,1,0,0,0
2872,37.505,126.872,0,0,1,0,0
2874,37.505,126.872,1,0,0,0,0
2875,37.505,126.8723,1,0,0,0,0
2878,37.507,126.873,1,0,0,0,0
2881,37.601,126.8011,0,1,0,0,0
2886,37.5999,126.802,0,1,0,0,0
2892,37.5878,126.82,1,0,0,0,0
2897,37.5867,126.8255,0,0,0,0,1
2902,37.5870001,126.826,0,0,0,0,1
2907,37.58691001,126.826111,0,1,0,0,0
2912,37.586811,126.82625,0,0,0,1,0
2917,37.586001,126.83001,0,0,0,0,1
2923,37.583,126.831999,0,0,0,1,0
2930,37.58009,126.8320101,0,0,1,0,0
2934,37.5815,126.8326971,0,0,1,0,0
2939,37.5803333,126.832923,0,1,0,0,0
2944,37.52943,127.06538,0,0,0,0,1
2945,37.5293,127.06546,1,0,0,0,1
2946,37.52936,127.06536,1,0,0,0,1
2947,37.52943,127.06537,1,0,0,0,0
2948,37.52941,127.06535,0,0,0,0,1
2949,37.5293,127.06551,0,0,0,0,1
2950,37.52941,127.06535,1,0,0,0,0
2951,37.52941,127.06537,0,1,0,0,0
2952,37.52941,127.06536,0,1,0,0,0
2953,37.5294,127.06535,1,0,0,0,0
2955,37.5294,127.06535,0,0,0,0,1
2956,37.5294,127.06532,0,0,0,0,1
2957,37.52923,127.06541,0,0,0,0,1
2960,37.5294,127.06534,0,0,0,0,1
2962,37.52934,127.06542,1,0,0,0,0
2964,37.52943,127.06535,1,0,0,0,0
2965,37.5294,127.06534,0,1,0,0,0
2966,37.52935,127.06536,0,1,0,0,0
2967,37.52933,127.06541,1,0,0,0,0
2969,37.52943,127.06533,0,0,0,0,1
2970,37.52944,127.06533,0,0,0,0,1
2971,37.52946,127.06534,0,0,0,0,1
2972,37.52945,127.06533,0,0,0,0,1
2973,37.52946,127.06536,0,0,0,0,1
2974,37.52944,127.06544,1,0,0,0,0
2975,37.52945,127.06537,1,0,0,0,0
2976,37.52942,127.06542,1,0,0,0,0
2977,37.5294,127.0654,1,0,0,0,0
2978,37.52933,127.06544,1,0,0,0,0
2979,37.52943,127.06533,1,0,0,0,0
2980,37.52943,127.06543,1,0,0,0,0
2981,37.52942,127.06544,1,0,0,0,0
2983,37.52943,127.06541,1,0,0,0,0
2984,37.52941,127.06541,1,0,0,0,0
2985,37.52944,127.0654,1,0,0,0,0
2986,37.52943,127.06536,1,0,0,0,0
2988,37.5294,127.06538,0,1,0,0,0
2989,37.5293,127.06539,0,1,0,0,0
2990,37.52943,127.06541,0,1,0,0,0
2991,37.52942,127.06539,1,0,0,0,0
2992,37.52944,127.06543,1,0,0,0,0
2996,37.6766,126.8164,0,1,0,0,0
2997,37.67659,126.8164,0,0,0,0,1
2998,37.6766,126.81638,0,0,0,0,1
2999,37.67661,126.81638,0,0,0,0,1
3000,37.67659,126.81639,0,0,0,0,1
3001,37.67662,126.81641,1,0,0,0,0
3002,37.67661,126.8164,0,0,0,0,1
3004,37.67659,126.81639,0,1,0,0,0
3005,37.67659,126.8164,1,0,0,0,0
3006,37.6766,126.81639,0,0,0,0,1
3008,37.67661,126.81639,1,0,0,0,0
3009,37.67662,126.81642,1,0,0,0,0
3010,37.67661,126.81642,1,0,0,0,0
3011,37.67659,126.81639,1,0,0,0,0
3012,37.6766,126.81638,1,0,0,0,1
3013,37.67661,126.81639,0,0,0,0,1
3014,37.6766,126.81638,1,0,0,0,0
3016,37.67663,126.8164,1,1,0,0,0
3017,37.67662,126.81639,0,0,0,0,1
3020,37.6766,126.81641,0,0,0,0,1
3021,37.67665,126.81639,0,0,0,0,1
3022,37.67661,126.81641,1,0,0,0,0
3024,37.67661,126.81643,1,0,0,0,1
3027,37.52942,127.06541,1,0,0,0,0
3028,37.52939,127.06542,1,0,0,0,0
3029,37.52938,127.06539,1,0,0,0,0
3030,37.52941,127.0654,1,0,0,0,0
3032,37.52939,127.06539,1,0,0,0,0
3034,37.5294,127.06541,1,0,0,0,0
3036,37.52938,127.06542,1,0,0,0,0
3038,37.52938,127.06544,1,0,0,0,0
3039,37.52941,127.06544,1,0,0,0,0
3040,37.52942,127.065441,0,0,0,0,1
3041,37.52941,127.06539,1,0,0,0,0
3042,37.67661,126.8164,1,0,0,0,1
3043,37.6766,126.81639,1,0,0,0,0
3044,37.67659,126.81641,1,0,0,0,0
3045,37.67661,126.8164,1,0,0,0,0
3046,37.6766,126.81642,1,0,0,0,0
3047,37.67661,126.81643,0,0,0,0,1
3050,37.6766,126.81642,0,1,0,0,0
3051,37.67661,126.81636,0,1,0,0,0
3054,37.67662,126.81641,0,0,0,0,1
3055,37.67663,126.81642,0,0,0,0,1
3057,37.67661,126.81642,0,0,0,0,1
3058,37.56,127.19,1,0,0,0,0
3089,37.56,127.19,1,1,0,0,0
3093,37.56,127.19,0,1,0,0,0
3109,37.56,127.19,0,0,1,0,0
3117,37.56,127.19,0,0,0,0,1
3123,37.33,127.11,1,0,0,0,0
3134,37.33,127.11,1,1,0,0,0
3137,37.53,127.07,1,0,0,0,0
3141,37.53,127.07,0,1,0,0,0
3145,37.53,127.07,0,0,0,0,1
3149,37.55,127.22,0,1,0,0,0
3161,37.67,126.82,1,0,0,0,0
3163,37.67,126.82,0,0,0,0,1
3165,37.56,127.18,1,0,0,0,0
3169,37.56,127.18,0,0,0,1,0
3288,37.588747,127.018773,1,0,0,0,0
3290,37.588758,127.017518,0,1,0,0,0
3292,37.588772,127.018746,1,1,1,0,0
3293,37.588772,127.018746,1,0,1,0,0
3294,37.588775,127.0187339,0,1,0,0,0
3295,37.588775,127.0187339,0,1,1,0,0
3296,37.588775,127.0187339,1,1,0,0,0
3297,37.588797,127.01887,1,0,0,0,0
3298,37.58881,127.018693,0,1,0,0,0
3299,37.588817,127.018673,0,1,0,0,0
3300,37.588825,127.018681,0,1,0,0,0
3301,37.588837,127.018651,0,1,0,0,0
3308,37.588871,127.018596,0,1,0,0,0
3310,37.588877,127.018593,0,1,0,0,0
3311,37.588881,127.018587,0,0,0,0,1
3312,37.588918,127.01854,0,0,1,0,0
3314,37.588927,127.018526,1,0,0,0,0
3316,37.588946,127.018503,0,1,0,0,0
3317,37.588955,127.018506,0,1,0,0,0
3319,37.58896,127.018485,0,1,0,0,0
3322,37.588109,127.018302,0,1,0,0,0
3323,37.589115,127.018314,0,1,0,0,0
3325,37.58913,127.018267,0,1,0,0,0
3326,37.58913,127.018267,0,0,0,0,1
3327,37.58914,127.01825,0,0,0,0,1
3328,37.58914,127.01825,0,1,0,0,0
3329,37.58914,127.018105,0,1,0,0,0
3330,37.58914,127.018103,0,1,0,0,0
3331,37.589165,127.018231,0,1,0,0,0
3333,37.588824,127.018105,0,1,0,0,0
3334,37.589174,127.018222,0,1,0,0,0
3335,37.589174,127.018222,1,0,0,0,0
3337,37.589168,127.018226,0,0,0,0,1
3338,37.589168,127.018226,0,1,0,0,0
3341,37.589168,127.018222,0,0,1,0,0
3342,37.589101,127.018319,0,0,1,0,0
3344,37.589101,127.018319,0,1,0,0,0
3346,37.508,127.099,0,1,0,0,0
3347,37.508,127.099,1,1,0,0,0
3351,37.508,127.099,0,0,0,0,1
3354,37.508,127.099,1,0,0,0,0
3355,37.508,127.099,1,1,1,0,0
3360,37.508,127.099,0,1,0,0,1
3361,37.508,127.099,1,0,0,0,1
3366,37.47914,126.876538,1,0,0,0,0
3370,37.47962,126.8736514,0,0,0,0,1
3371,37.475007,126.87647,0,1,0,0,0
3373,37.475007,126.87647,0,0,1,0,0
3374,37.475091,126.876424,0,0,1,0,0
3377,37.475091,126.876424,1,0,0,0,0
3378,37.475105,126.876431,1,0,0,0,0
3380,37.475105,126.876431,0,1,0,0,0
3381,37.476305,126.875785,0,0,1,0,0
3383,37.476184,126.875834,0,0,0,0,1
3386,37.47914,126.876538,0,0,0,0,1
3387,37.47914,126.876538,0,1,0,0,0
3389,37.476319,126.875772,0,1,0,0,0
3393,37.586,126.818,1,0,0,0,0
3398,37.586,126.818,0,1,0,0,0
3418,37.586,126.818,0,0,1,0,0
3423,37.586,126.818,0,0,0,1,0
3433,37.586,126.818,0,0,0,0,1
3438,37.57,126.832,1,0,0,0,0
3458,37.57,126.832,0,1,0,0,0
3463,37.57,126.832,0,0,1,0,0
3473,37.57,126.832,0,0,0,1,0
3483,37.57,126.832,0,0,0,0,1
3493,37.589,127.018,1,0,0,0,0
3538,37.589,127.018,0,1,0,0,0
3553,37.589,127.018,0,0,1,0,0
3558,37.589,127.018,0,0,0,1,0
3563,37.589,127.018,0,0,0,0,1
3568,37.4986464,127.1107636,0,1,0,0,0
3573,37.4980436,127.1085704,0,1,1,0,0
3575,37.4972366,127.1059747,1,1,0,0,0
3579,37.4967295,127.1044382,1,1,0,0,0
3584,37.4974897,127.1046927,1,0,0,0,0
3586,37.4971098,127.1055898,0,0,0,0,1
3590,37.4977849,127.1046059,0,1,0,0,0
3592,37.4978785,127.1059807,0,1,1,0,0
3593,37.4975369,127.106833,0,1,0,0,0
3596,37.4971427,127.105689,0,0,0,0,1
3599,37.4937463,127.102296,1,0,0,0,0
3601,37.4936069,127.1025569,1,1,0,0,0
3603,37.4939028,127.101978,1,0,0,0,0
3608,37.4936376,127.1025198,1,0,0,0,0
3610,37.4934066,127.1029046,1,1,0,0,0
3613,37.4939952,127.1018413,1,0,0,0,0
3617,37.4940524,127.1017745,1,1,0,0,0
3622,37.569644,127.008003,1,0,0,0,0
3627,37.5697017,127.0070582,1,0,0,0,0
3629,37.5696584,127.0061348,0,1,0,0,0
3631,37.4869777,127.0550652,0,1,0,0,0
3634,37.4857008,127.0535059,1,0,0,0,1
3639,37.5115779,127.1036617,0,1,0,0,0
3642,37.5104952,127.1029875,1,0,0,0,0
3645,37.5101047,127.1030982,1,0,0,0,0
3647,37.5097964,127.1025377,0,0,0,0,1
3650,37.5100244,127.1006982,1,0,0,0,0
3652,37.509696,127.0997446,0,1,0,0,0
3654,37.5094323,127.0992445,1,1,0,0,0
3658,37.5091437,127.0985795,0,1,0,0,0
3659,37.5082716,127.0979388,1,0,0,0,0
3660,37.5082355,127.0979444,1,0,0,0,0
3662,37.5077711,127.0979246,1,0,0,0,0
3664,37.5074826,127.0978706,1,1,0,0,0
3665,37.507052,127.0987742,1,0,0,0,0
3666,37.507194,127.0997518,1,0,0,0,0
3667,37.508237,127.1021769,1,1,0,0,0
3670,35.226919,128.638707,0,1,0,0,0
3678,35.22733,128.639258,0,0,1,0,0
3681,35.226408,128.638159,0,0,1,0,0
3695,35.226438,128.638312,0,0,1,0,0
3712,35.226271,128.638162,0,1,0,0,0
3715,35.227377,128.639233,0,1,1,0,0
3720,35.228042,128.639843,0,1,1,0,0
3722,35.227703,128.639533,0,1,1,0,0
3724,35.227508,128.63941,0,1,0,0,0
3732,35.226626,128.63887,0,0,0,0,1
3746,35.228599,128.640383,0,0,0,1,0
3752,35.226351,128.638321,0,0,1,0,0
3755,35.226727,128.639312,0,0,0,0,1
3768,35.226954,128.639147,0,1,0,0,0
3776,35.22628,128.63822,0,1,0,0,0
3777,35.226208,128.638147,0,0,0,0,0
3783,35.226506,128.638738,0,0,1,0,0
3790,37.43,126.37,1,0,0,0,0
3796,37.43,126.37,0,0,0,1,0
3805,37.43,126.37,0,0,0,0,1
3807,37.43,126.37,0,1,0,0,0
3808,37.43,126.37,0,0,1,0,0
3826,37.43,126.37,0,0,0,0,0
3847,37.46,127.09,0,0,0,0,1
3848,37.46,127.09,0,0,0,1,0
3851,37.46,127.09,1,0,0,0,0
3854,37.46,127.09,0,0,1,0,0
3890,37.46,127.09,0,1,0,0,0
3903,37.49,126.98,0,1,0,0,0
3909,37.49,126.98,1,1,0,0,0
3912,37.49,126.98,1,0,0,0,0
3915,37.49,126.98,0,0,1,0,0
3924,37.49,126.98,0,0,0,0,1
3947,37.49,126.98,0,1,1,0,0
3975,37.49,126.98,0,1,0,1,0
3986,37.49,126.98,0,0,0,1,0
4027,37.5902,127.0167,1,0,0,0,0
4037,37.5902,127.0167,0,1,0,0,0
4040,37.5901,127.0168,0,1,0,0,0
4045,37.5901,127.0168,1,0,0,0,0
4050,37.5895,127.0176,0,1,0,0,0
4054,37.5895,127.0176,1,0,0,0,0
4057,37.5893,127.0178,1,0,0,0,0
4062,37.5891,127.0176,0,1,0,0,0
4068,37.6114,127.0079,0,1,0,0,0
4073,37.6112,127.0079,0,1,0,0,0
4080,37.611,127.008,0,1,0,0,0
4087,37.6107,127.0081,0,1,0,0,0
4100,37.6106,127.0082,1,0,0,0,0
4102,37.6106,127.0082,0,0,0,0,1
4105,37.5904,127.0165,0,1,0,0,0
4110,37.5906,127.0161,0,0,0,0,1
4116,37.5908,127.0157,1,0,0,0,0
4120,37.591,127.0152,0,1,0,0,0
4124,37.591,127.0154,1,0,0,0,0
4130,37.5911,127.0149,0,1,0,0,0
4180,37.58,127.01,0,1,0,0,1
4207,37.58,127.01,1,1,0,0,0
4227,37.58,127.0,0,1,0,0,0
4228,37.58,127.0,1,0,0,0,1
4243,37.58925,127.0182583,0,1,0,0,0
4247,37.58916667,127.0181389,0,0,0,0,1
4251,37.58945833,127.017975,0,1,0,0,0
4252,37.58946111,127.0179833,0,0,0,0,1
4256,37.58946111,127.0179833,0,1,0,0,0
4258,37.58869444,127.0183028,0,1,1,0,0
4260,37.58645,127.0081028,0,1,0,0,0
4262,37.56981389,127.00805,0,1,0,0,0
4269,37.56980556,127.0080722,0,1,0,0,0
4274,37.56971389,127.0069667,0,1,0,0,0
4277,37.56985556,127.0056444,1,1,0,0,0
4283,37.56966111,127.0022139,0,1,0,0,0
4297,37.56959167,127.0012278,0,1,0,0,0
4302,37.56896944,126.9983972,0,1,0,0,0
4311,37.48667778,127.0550167,0,1,0,0,0
4318,37.48544722,127.0529944,0,1,0,0,1
4323,37.48505278,127.0518806,0,1,0,0,0
4324,37.50899444,127.0997306,0,1,0,0,0
4327,37.50890278,127.1010278,0,1,0,0,0
4332,37.58921389,127.0183333,0,1,0,0,0
4335,37.50839722,127.0995167,0,1,0,0,0
4336,37.58883333,127.0187222,0,1,0,0,0
4339,37.58925556,127.0182639,0,1,0,0,0
4643,37.59,127.016,1,0,0,0,0
4650,37.59,127.016,0,1,0,0,0
4653,37.591,127.015,1,0,0,0,0
4657,37.591,127.015,0,0,0,0,1
4661,37.591,127.014,1,0,0,0,0
4686,37.591,127.014,0,0,0,0,1
4689,37.591,127.013,1,0,0,0,0
4706,37.591,127.013,0,0,0,0,1
4715,37.59,127.012,0,0,0,0,1
4716,37.59,127.012,0,0,0,1,0
4724,37.59,127.011,1,0,0,0,0
4738,37.59,127.011,0,1,0,0,0
4769,37.589,127.01,1,0,0,0,0
4777,37.589,127.01,0,0,0,1,0
4785,37.588,127.009,0,1,0,0,0
4791,37.588,127.009,1,0,0,0,0
4806,37.588,127.007,1,0,0,0,0
4823,37.571,127.033,1,0,0,0,0
4824,37.571,127.035,1,0,0,0,0
4831,37.571,127.034,0,0,0,0,1
4838,37.571,127.034,1,0,0,0,0
4842,37.57,127.032,1,1,0,0,0
4859,37.57,127.032,0,1,0,0,0
4864,37.57,127.03,0,1,0,0,0
4870,37.57,127.03,1,0,0,0,0
4872,37.57,127.029,0,0,1,0,0
4877,37.57,127.031,1,0,0,0,0
4897,37.57,127.029,1,0,0,0,0
4936,37.57,127.033,1,0,0,0,0
4942,37.552,127.036,1,0,0,0,0
4958,37.553,127.035,0,1,0,0,0
5309,37.589,127.02,1,1,0,0,1
5310,37.589,127.02,1,0,0,0,0
5318,37.589,127.02,0,1,0,0,0
5330,37.589,127.02,0,0,0,0,1
5339,37.589,127.02,1,1,0,0,0
5351,35.89,128.607,1,1,0,0,1
5359,35.217,129.086,1,0,1,0,0
5362,35.235,129.078,1,1,1,0,0
5367,36.662,129.12,1,0,0,0,0
5373,36.59,128.648,1,1,1,0,0
5377,36.59,128.648,1,0,0,0,1
5383,36.59,128.648,1,1,0,0,0
5389,36.59,128.648,0,1,1,0,0
5397,37.368,127.926,1,1,0,0,0
5400,37.368,127.926,1,0,0,0,0
5404,37.368,127.926,0,1,0,0,0
5407,37.173,128.986,0,0,0,0,1
5408,37.5998,127.0097,0,0,0,0,1
5416,37.6,127.01,0,1,0,0,1
5423,37.6083,127.0122,0,0,0,1,1
5424,37.6083,127.0122,0,0,0,1,0
5425,37.58,127.0,1,0,0,0,0
5426,37.6,127.01,0,0,1,0,0
5429,37.6083,127.0122,0,0,1,0,0
5431,37.6083,127.0122,1,0,0,0,0
5451,37.59,127.01,0,0,0,1,0
5458,37.6,127.01,1,0,0,0,0
5473,37.59,127.01,1,0,0,0,1
5482,37.6,127.01,0,0,0,0,1
5487,37.6083,127.0122,0,0,0,0,1
5488,37.6083,127.0122,0,1,0,0,1
5509,37.571192,126.978535,0,1,0,0,0
5510,37.571201,126.978524,0,1,0,0,0
5511,37.571375,126.978506,0,1,0,0,0
5512,37.57137,126.978501,0,1,0,0,0
5513,37.571092,126.978523,0,1,0,0,0
5514,37.59019,127.016878,0,1,0,0,0
5515,37.590185,127.01677,0,1,0,0,0
5516,37.590189,127.01676,0,1,0,0,0
5517,37.590262,127.016755,0,1,0,0,0
5518,37.59026,127.016753,0,1,0,0,0
5519,37.589147,127.010223,0,1,0,0,0
5520,37.589148,127.010222,0,1,0,0,0
5521,37.589145,127.010225,0,1,0,0,0
5522,37.589149,127.010224,0,1,0,0,0
5524,37.588868,127.01854,0,1,0,0,0
5525,37.588865,127.018541,0,1,0,0,0
5526,37.588866,127.018543,0,1,0,0,0
5527,37.588869,127.018539,0,1,0,0,0
5528,37.589252,127.0104,0,1,0,0,0
5529,37.589251,127.01043,0,1,0,0,0
5530,37.589254,127.01042,0,1,0,0,0
5531,37.588277,127.008949,0,1,0,0,0
5532,37.588278,127.008948,0,1,0,0,0
5533,37.588276,127.008945,0,1,0,0,0
5534,37.588275,127.008947,0,1,0,0,0
5535,37.591302,127.013313,0,0,0,0,1
5536,37.571363,126.978525,0,0,0,0,1
5537,37.571361,126.978523,0,0,0,0,1
5538,37.57136,126.978526,0,0,0,0,1
5539,37.571317,126.978534,0,0,0,0,1
5540,37.571315,126.978532,0,0,0,0,1
5541,37.571319,126.978531,0,0,0,0,1
5542,37.57133,126.978513,0,0,0,0,1
5543,37.571333,126.978511,0,0,0,0,1
5544,37.57137,126.978509,0,0,0,0,1
5545,37.589911,127.011206,0,0,0,0,1
5546,37.589912,127.011207,0,0,0,0,1
5547,37.589913,127.011208,0,0,0,0,1
5548,37.589911,127.011204,0,0,0,0,1
5549,37.590139,127.01693,0,0,0,0,1
5550,37.589938,127.017148,0,0,0,0,1
5551,37.589935,127.017146,0,0,0,0,1
5552,37.589937,127.017149,0,0,0,0,1
5553,37.589939,127.017146,0,0,0,0,1
5554,37.590837,127.012385,0,0,0,0,1
5555,37.590836,127.012384,0,0,0,0,1
5556,37.590839,127.012387,0,0,0,0,1
5558,37.591301,127.013311,0,0,0,0,1
5559,37.591304,127.013312,0,0,0,0,1
5560,37.59133,127.01414,0,0,0,1,0
5561,37.591331,127.01415,0,0,0,1,0
5563,37.589872,127.017232,0,0,0,1,0
5564,37.589871,127.017231,0,0,0,1,0
5565,37.58987,127.01723,0,0,0,1,0
5566,37.589873,127.017232,0,0,0,1,0
5567,37.589872,127.017233,0,0,0,1,0
5568,37.590938,127.012427,0,0,0,1,0
5569,37.590939,127.012428,0,0,0,1,0
5570,37.590937,127.012427,0,0,0,1,0
5571,37.590938,127.012425,0,0,0,1,0
5573,37.587922,127.00727,1,0,0,0,0
5574,37.587921,127.00727,1,0,0,0,0
5575,37.587922,127.00726,1,0,0,0,0
5576,37.571084,126.978515,1,0,0,0,0
5577,37.571082,126.978516,1,0,0,0,0
5578,37.591042,127.012787,1,0,0,0,0
5579,37.591041,127.012789,1,0,0,0,0
5580,37.591043,127.012788,1,0,0,0,0
5581,37.591045,127.012786,1,0,0,0,0
5582,37.591042,127.012789,1,0,0,0,0
5583,37.589323,127.010506,1,0,0,0,0
5584,37.590444,127.011716,1,0,0,0,0
5585,37.590445,127.011719,1,0,0,0,0
5586,37.590443,127.011714,1,0,0,0,0
5587,37.591239,127.013529,1,0,0,0,0
5588,37.589998,127.011271,1,0,0,0,0
5589,37.589996,127.011273,1,0,0,0,0
5590,37.589994,127.011275,1,0,0,0,0
5591,37.589996,127.011274,1,0,0,0,0
5592,37.588677,127.009561,1,0,0,0,0
5593,37.588676,127.00956,1,0,0,0,0
5594,37.588679,127.009563,1,0,0,0,0
5595,37.588675,127.009564,1,0,0,0,0
5597,37.589996,127.01127,1,0,0,0,0
5598,37.589995,127.011274,1,0,0,0,0
5599,37.589997,127.011273,1,0,0,0,0
5600,37.59062,127.016214,1,0,0,0,0
5601,37.590621,127.016215,1,0,0,0,0
5602,37.590619,127.016214,1,0,0,0,0
5603,37.58932,127.010503,1,0,0,0,0
5604,37.589324,127.010502,1,0,0,0,0
5605,37.589327,127.010505,1,0,0,0,0
5606,37.587992,127.008536,1,0,0,0,0
5607,37.587991,127.008537,1,0,0,0,0
5608,37.58799,127.008539,1,0,0,0,0
5609,37.39,126.46,1,0,0,0,0
5613,37.39,126.46,0,0,0,1,1
5617,37.43,126.42,1,0,0,0,0
5623,37.43,126.42,1,0,0,0,1
5631,37.43,126.42,0,1,0,0,0
5638,37.35,127.1,1,0,0,0,1
5642,37.35,127.1,0,0,0,0,1
5645,37.44,126.43,0,1,0,0,0
5649,37.44,126.43,0,2,0,0,0
5652,37.44,126.43,1,0,0,0,0
5658,37.44,126.43,0,1,0,0,1
5675,37.44,126.43,0,0,1,0,0
5677,37.44,126.43,0,1,1,0,0
5683,37.43,126.43,0,1,0,0,0
5691,37.43,126.43,1,0,0,0,0
5699,37.43,126.43,0,0,1,0,0
5705,37.43,126.43,0,0,0,1,0
5714,37.49,126.58,1,1,0,0,0
5715,37.49,126.57,0,1,1,0,0
5717,37.49,126.57,1,1,1,0,0
5733,37.58,127.01,0,1,0,1,0
5753,37.58,127.01,1,1,1,1,1
5759,37.49,127.07,0,1,0,0,0
5761,37.49,127.07,1,1,0,0,0
5777,37.49,127.07,0,1,0,0,1
5780,37.49,127.07,1,0,0,1,0
5793,37.49,127.07,0,0,0,1,0
5794,37.49,127.07,0,0,1,0,0
5805,37.33,127.01,1,1,0,0,1
5806,37.33,127.01,0,1,0,0,0
5810,38.25,127.18,0,1,0,0,0
5811,38.25,127.18,0,0,0,0,1
5812,38.25,127.18,1,0,0,0,0
5813,38.25,127.18,0,0,1,0,0
5814,37.62,127.09,0,0,1,0,0
5819,37.62,127.08,0,0,1,0,0
5831,37.62,127.09,0,0,0,1,0
5835,37.62,127.08,0,0,0,1,0
5839,37.62,127.09,0,0,0,0,1
5843,37.62,127.08,0,0,0,0,1
5857,37.62,127.09,0,1,0,0,0
5866,37.62,127.08,0,1,0,0,0
5876,37.62,127.08,1,0,0,0,0
5881,37.62,127.09,1,0,0,0,0
5973,37.62,127.1,1,0,0,0,0
5994,37.3949,126.9389,1,0,0,0,0
5995,37.3951,126.939,1,0,0,0,0
5996,37.3951,126.9391,1,0,0,0,0
5997,37.3958,126.9357,0,1,0,0,0
5998,37.3959,126.9345,0,1,0,0,0
5999,37.396,126.9344,0,1,0,0,0
6001,37.3959,126.9344,0,1,0,0,0
6003,37.3956,126.9348,1,0,0,0,0
6004,37.3958,126.9346,1,0,0,0,0
6005,37.396,126.9343,1,0,0,0,0
6006,37.3957,126.9345,1,0,0,0,0
6007,37.396,126.9345,1,0,0,0,0
6009,37.396,126.9347,1,0,0,0,0
6013,37.3961,126.9347,1,0,0,0,0
6014,37.3962,126.9347,1,0,0,0,0
6015,37.3959,126.9345,1,0,0,0,0
6016,37.3963,126.9346,1,0,0,0,0
6019,37.39667219,126.9331583,0,0,1,0,0
6020,37.3966,126.9332,0,0,1,0,0
6023,37.3966,126.9332,1,0,0,0,0
6024,37.3966,126.9331,1,0,0,0,0
6026,37.3967,126.9332,0,0,0,0,1
6027,37.3966,126.9332,0,0,0,0,1
6028,37.397,126.9322,1,0,0,0,0
6029,37.397,126.932,1,0,0,0,0
6030,37.3969,126.932,1,0,0,0,0
6034,37.3972,126.9326,1,0,0,0,0
6035,37.3972,126.9316,1,0,0,0,0
6036,37.4012,126.928,1,0,0,0,0
6037,37.4007,126.9278,1,0,0,0,0
6038,37.4006,126.9277722,1,0,0,0,0
6039,37.4007,126.928,1,0,0,0,0
6041,37.4055,126.9257,0,0,0,0,1
6042,37.4025,126.9258,0,0,0,0,1
6044,37.4045,126.9231,1,0,0,0,0
6045,37.409,126.9178,1,0,0,0,0
6046,37.4091,126.9178,1,0,0,0,0
6047,35.8526,129.2685,0,1,0,0,0
6049,35.8524,129.2704,0,1,0,0,0
6051,35.85234719,129.2702942,0,1,0,0,0
6052,37.5882,127.0192805,1,0,0,0,0
6053,37.5882,127.0194,1,0,0,0,0
6054,37.5883,127.0194,1,0,0,0,0
6055,37.5893,127.0181,1,0,0,0,0
6056,37.5892,127.0181,1,0,0,0,0
6057,37.58922222,127.0180361,1,0,0,0,0
6058,37.5893,127.0183,1,0,0,0,0
6059,37.5894,127.0179,1,0,0,0,0
6060,37.58941639,127.0178667,1,0,0,0,0
6061,37.59007775,127.0180553,1,0,0,0,0
6062,37.59000833,127.0171278,1,0,0,0,0
6063,37.59,127.0171278,1,0,0,0,0
6064,37.58998611,127.0171361,1,0,0,0,0
6065,37.59010833,127.0172111,0,0,0,0,1
6066,37.59002219,127.0171889,0,0,0,0,1
6067,37.58996108,127.0171889,0,0,0,0,1
6068,37.58995553,127.0171444,0,0,0,0,1
6069,37.59044997,127.0165778,1,0,0,0,0
6070,37.59044997,127.0165639,1,0,0,0,0
6071,37.59049972,127.0165639,1,0,0,0,0
6072,37.59051389,127.0165639,1,0,0,0,0
6073,37.59049722,127.0165722,1,0,0,0,0
6074,37.58913886,127.0101389,0,1,0,0,0
6075,37.58928608,127.0103,0,1,0,0,0
6076,37.58926664,127.0103389,0,1,0,0,0
6077,37.58926139,127.0103389,0,1,0,0,0
6078,37.38613056,126.9522167,0,0,0,1,0
6079,37.38613056,126.9521778,0,0,0,1,0
6081,37.38611942,126.9522166,0,1,0,0,0
6082,37.38613608,126.9521944,0,1,0,0,0
6083,37.38613889,126.9521861,0,1,0,0,0
6084,37.38619442,126.9522166,1,0,0,0,0
6085,37.38613608,126.9521778,1,0,0,0,0
6086,37.38612778,126.9521778,1,0,0,0,0
6087,37.38615,126.9521722,0,1,0,0,0
6088,37.38613889,126.9521778,0,1,0,0,0
6089,37.38613611,126.9521944,0,1,0,0,0
6090,37.38611944,126.9522083,0,0,0,0,1
6092,37.38612778,126.9521722,0,0,0,0,1
6093,37.00916686,127.0016697,0,1,0,0,0
6094,37.00916874,127.0016705,1,1,0,0,1
6095,37.00916908,127.0016706,1,1,0,0,1
6096,37.00889264,127.0016694,0,1,0,0,0
6097,35.01333657,127.002226,1,0,0,0,0
6099,35.01333657,127.002226,1,0,0,0,1
6100,35.01333656,127.002226,1,0,0,0,0
6101,35.01333655,127.002226,1,0,0,0,0
6102,35.01333633,127.0022265,1,0,0,0,1
6103,35.01333633,127.0022265,1,0,0,0,0
6104,35.01333629,127.0022266,1,0,0,0,0
6105,35.01333629,127.0022266,1,0,1,0,0
6107,35.01333628,127.0022267,0,0,0,0,1
6108,35.01333628,127.0022267,1,0,0,0,0
6111,35.01333628,127.0022267,0,1,0,0,0
6113,35.01333627,127.0022267,0,1,0,0,0
6114,35.01333627,127.0022267,1,0,0,0,0
6116,35.01333627,127.0022267,0,0,0,0,1
6117,35.01333627,127.0022267,0,0,1,0,0
6118,35.01333627,127.0022268,0,0,0,0,1
6119,35.01333628,127.0022268,1,0,0,0,0
6120,35.01333628,127.0022268,0,0,0,1,0
6121,35.01333627,127.0022268,0,1,0,0,0
6123,35.01333628,127.0022268,0,0,1,0,0
6124,35.01333629,127.0022268,0,0,1,0,0
6126,35.01333627,127.0022269,1,0,0,0,0
6127,35.01333626,127.0025,1,0,0,0,0
6128,35.01333623,127.0025005,1,0,0,0,0
6129,35.01333623,127.0025005,1,0,0,0,1
6130,35.01333623,127.0025005,0,0,0,0,1
6132,35.01333624,127.0025005,1,0,0,0,0
6134,35.01333627,127.0025,1,0,0,0,0
6135,35.01333625,127.0025005,0,0,1,0,0
6136,35.01333633,127.0022267,0,0,0,1,0
6137,35.01333632,127.0022267,1,0,0,0,0
6138,35.01333633,127.0022267,0,1,0,0,0
6139,35.01333638,127.0022266,1,0,0,0,0
6140,35.01333638,127.0022266,0,0,0,0,1
6141,35.01055565,127.005001,0,0,0,0,1
6142,35.01055566,127.005001,0,0,0,0,1
6143,35.01055569,127.0050009,0,0,0,0,1
6144,35.01055571,127.005001,0,1,0,0,0
6145,35.00666766,127.0061147,1,0,0,0,0
6146,35.01250168,127.0063935,1,0,0,0,0
6147,35.01250186,127.0066688,1,0,0,0,0
6149,35.01250184,127.0066688,1,0,0,0,0
6150,35.01250182,127.0066688,0,1,0,0,0
6151,35.01250195,127.0066672,0,1,0,0,0
6152,35.01250187,127.006667,0,1,0,0,0
6153,35.01250187,127.006667,0,0,1,0,0
6154,35.01250186,127.0066669,1,0,0,0,0
6155,35.01250185,127.0066667,1,0,0,0,0
6156,35.01250185,127.0063935,0,0,0,0,1
6157,35.01250169,127.0063935,1,1,0,0,1
6158,35.01250169,127.0063935,1,0,0,0,0
6159,35.0125017,127.0063935,0,1,0,0,0
6160,35.01250169,127.0063935,0,1,0,0,0
6161,35.0125017,127.0063935,0,0,0,1,0
6162,35.01250171,127.0063935,1,0,0,0,0
6164,35.01250172,127.0063935,0,1,0,0,0
6165,35.01250199,127.006393,1,0,0,0,0
6166,35.01250202,127.0063929,1,0,0,0,0
6167,35.01250202,127.0063929,0,1,0,0,0
6168,35.01250203,127.0063929,1,0,0,0,0
6169,35.01250204,127.0063929,0,1,0,0,0
6171,35.01250204,127.0063929,0,0,0,0,1
6172,35.01250204,127.0063929,1,0,0,0,0
6173,35.01250205,127.0063929,0,1,0,0,0
6174,35.01250205,127.0063929,1,0,0,0,0
6175,35.01250205,127.0063929,1,1,0,0,0
6176,35.01250205,127.0063928,0,1,0,0,0
6177,35.01250205,127.0063928,0,0,1,0,0
6178,35.01250205,127.0063928,1,0,0,0,0
6180,35.01250205,127.0063928,0,0,0,0,1
6184,35.01250206,127.0063928,0,0,0,0,1
6185,35.01250206,127.0063928,0,1,0,0,0
6187,35.01250206,127.0063928,1,0,0,0,1
6188,35.01250206,127.0063928,0,0,1,0,0
6189,35.01250206,127.0063928,1,0,0,0,0
6192,35.01250207,127.0063928,0,0,1,0,0
6193,35.01250207,127.0063928,1,0,0,0,0
6194,35.01250209,127.0063927,0,0,1,0,0
6195,35.01250209,127.0063927,0,0,0,0,1
6196,35.01250209,127.0063927,1,0,0,0,0
6197,35.0125021,127.0063927,0,0,0,0,1
6198,35.0125021,127.0063927,1,0,0,0,0
6200,35.01250211,127.0063927,0,0,0,0,1
6201,35.01250211,127.0063926,0,0,0,0,1
6202,35.01250211,127.0063926,0,0,1,0,0
6203,35.01250211,127.0063926,1,0,0,0,0
6206,37.00889344,127.0016696,1,1,0,0,1
6207,37.00916765,127.0016701,1,0,0,0,0
6208,37.00889349,127.0016696,1,1,0,0,1
6209,37.00917083,127.0030569,0,1,0,0,0
6210,37.00917082,127.0030569,1,0,0,0,0
6211,37.00917072,127.0030571,1,0,0,0,0
6212,37.00917052,127.0030572,1,0,0,0,0
6213,37.00917049,127.0030572,0,0,0,0,1
6214,37.00917046,127.0030572,1,0,0,0,0
6215,37.00917029,127.0030572,1,0,0,0,0
